n,pts_time,fps,frame_idx
1,0.0,25.0,0
2,0.08,25.0,2
3,0.2,25.0,5
4,0.32,25.0,8
5,0.36,25.0,9
6,0.64,25.0,16
7,0.92,25.0,23
8,1.24,25.0,31
9,1.28,25.0,32
10,5.92,25.0,148
11,10.56,25.0,264
12,15.2,25.0,380
13,15.24,25.0,381
14,16.04,25.0,401
15,16.84,25.0,421
16,17.64,25.0,441
17,17.68,25.0,442
18,18.04,25.0,451
19,18.4,25.0,460
20,18.8,25.0,470
21,18.84,25.0,471
22,19.24,25.0,481
23,19.64,25.0,491
24,20.08,25.0,502
25,20.12,25.0,503
26,20.48,25.0,512
27,20.88,25.0,522
28,21.28,25.0,532
29,21.32,25.0,533
30,21.76,25.0,544
31,22.2,25.0,555
32,22.68,25.0,567
33,22.72,25.0,568
34,23.08,25.0,577
35,23.44,25.0,586
36,23.8,25.0,595
37,23.84,25.0,596
38,24.32,25.0,608
39,24.8,25.0,620
40,25.28,25.0,632
41,25.32,25.0,633
42,25.8,25.0,645
43,26.28,25.0,657
44,26.76,25.0,669
45,26.8,25.0,670
46,27.2,25.0,680
47,27.6,25.0,690
48,28.0,25.0,700
49,28.04,25.0,701
50,28.6,25.0,715
51,29.16,25.0,729
52,29.72,25.0,743
53,29.76,25.0,744
54,30.28,25.0,757
55,30.8,25.0,770
56,31.32,25.0,783
57,31.36,25.0,784
58,32.04,25.0,801
59,32.72,25.0,818
60,33.4,25.0,835
61,33.44,25.0,836
62,34.16,25.0,854
63,34.92,25.0,873
64,35.68,25.0,892
65,35.72,25.0,893
66,36.48,25.0,912
67,37.24,25.0,931
68,38.0,25.0,950
69,38.04,25.0,951
70,38.84,25.0,971
71,39.64,25.0,991
72,40.44,25.0,1011
73,40.48,25.0,1012
74,42.12,25.0,1053
75,43.76,25.0,1094
76,45.44,25.0,1136
77,45.48,25.0,1137
78,51.12,25.0,1278
79,56.8,25.0,1420
80,62.48,25.0,1562
81,62.52,25.0,1563
82,63.2,25.0,1580
83,63.92,25.0,1598
84,64.64,25.0,1616
85,64.68,25.0,1617
86,68.24,25.0,1706
87,71.84,25.0,1796
88,75.44,25.0,1886
89,75.48,25.0,1887
90,76.68,25.0,1917
91,77.92,25.0,1948
92,79.16,25.0,1979
93,79.2,25.0,1980
94,79.88,25.0,1997
95,80.56,25.0,2014
96,81.28,25.0,2032
97,81.32,25.0,2033
98,82.6,25.0,2065
99,83.88,25.0,2097
100,85.16,25.0,2129
101,85.2,25.0,2130
102,85.8,25.0,2145
103,86.44,25.0,2161
104,87.08,25.0,2177
105,87.12,25.0,2178
106,87.56,25.0,2189
107,88.0,25.0,2200
108,88.48,25.0,2212
109,88.52,25.0,2213
110,90.84,25.0,2271
111,93.16,25.0,2329
112,95.48,25.0,2387
113,95.52,25.0,2388
114,96.28,25.0,2407
115,97.04,25.0,2426
116,97.84,25.0,2446
117,97.88,25.0,2447
118,98.76,25.0,2469
119,99.68,25.0,2492
120,100.6,25.0,2515
121,100.64,25.0,2516
122,101.32,25.0,2533
123,102.04,25.0,2551
124,102.76,25.0,2569
125,102.8,25.0,2570
126,103.56,25.0,2589
127,104.36,25.0,2609
128,105.16,25.0,2629
129,105.2,25.0,2630
130,106.36,25.0,2659
131,107.52,25.0,2688
132,108.68,25.0,2717
133,108.72,25.0,2718
134,109.56,25.0,2739
135,110.4,25.0,2760
136,111.28,25.0,2782
137,111.32,25.0,2783
138,112.24,25.0,2806
139,113.16,25.0,2829
140,114.08,25.0,2852
141,114.12,25.0,2853
142,116.0,25.0,2900
143,117.88,25.0,2947
144,119.8,25.0,2995
145,119.84,25.0,2996
146,120.44,25.0,3011
147,121.04,25.0,3026
148,121.64,25.0,3041
149,121.68,25.0,3042
150,122.12,25.0,3053
151,122.6,25.0,3065
152,123.08,25.0,3077
153,123.12,25.0,3078
154,123.64,25.0,3091
155,124.16,25.0,3104
156,124.72,25.0,3118
157,124.76,25.0,3119
158,125.24,25.0,3131
159,125.72,25.0,3143
160,126.2,25.0,3155
161,126.24,25.0,3156
162,128.08,25.0,3202
163,129.96,25.0,3249
164,131.84,25.0,3296
165,131.88,25.0,3297
166,132.84,25.0,3321
167,133.8,25.0,3345
168,134.76,25.0,3369
169,134.8,25.0,3370
170,135.44,25.0,3386
171,136.08,25.0,3402
172,136.72,25.0,3418
173,136.76,25.0,3419
174,137.4,25.0,3435
175,138.08,25.0,3452
176,138.76,25.0,3469
177,138.8,25.0,3470
178,144.76,25.0,3619
179,150.72,25.0,3768
180,156.68,25.0,3917
181,156.72,25.0,3918
182,158.12,25.0,3953
183,159.52,25.0,3988
184,160.92,25.0,4023
185,160.96,25.0,4024
186,161.56,25.0,4039
187,162.16,25.0,4054
188,162.76,25.0,4069
189,162.8,25.0,4070
190,164.48,25.0,4112
191,166.2,25.0,4155
192,167.92,25.0,4198
193,167.96,25.0,4199
194,169.16,25.0,4229
195,170.4,25.0,4260
196,171.64,25.0,4291
197,171.68,25.0,4292
198,172.64,25.0,4316
199,173.64,25.0,4341
200,174.64,25.0,4366
201,174.68,25.0,4367
202,174.88,25.0,4372
203,175.12,25.0,4378
204,175.36,25.0,4384
205,175.4,25.0,4385
206,175.84,25.0,4396
207,176.32,25.0,4408
208,176.8,25.0,4420
209,176.84,25.0,4421
210,177.28,25.0,4432
211,177.72,25.0,4443
212,178.16,25.0,4454
213,178.2,25.0,4455
214,178.52,25.0,4463
215,178.88,25.0,4472
216,179.24,25.0,4481
217,179.28,25.0,4482
218,179.72,25.0,4493
219,180.16,25.0,4504
220,180.64,25.0,4516
221,180.68,25.0,4517
222,181.28,25.0,4532
223,181.88,25.0,4547
224,182.52,25.0,4563
225,182.56,25.0,4564
226,182.8,25.0,4570
227,183.04,25.0,4576
228,183.28,25.0,4582
229,183.32,25.0,4583
230,184.56,25.0,4614
231,185.84,25.0,4646
232,187.12,25.0,4678
233,187.16,25.0,4679
234,187.6,25.0,4690
235,188.08,25.0,4702
236,188.56,25.0,4714
237,188.6,25.0,4715
238,189.16,25.0,4729
239,189.72,25.0,4743
240,190.28,25.0,4757
241,190.32,25.0,4758
242,190.72,25.0,4768
243,191.16,25.0,4779
244,191.6,25.0,4790
245,191.64,25.0,4791
246,192.32,25.0,4808
247,193.0,25.0,4825
248,193.72,25.0,4843
249,193.76,25.0,4844
250,194.32,25.0,4858
251,194.88,25.0,4872
252,195.44,25.0,4886
253,195.48,25.0,4887
254,196.84,25.0,4921
255,198.2,25.0,4955
256,199.6,25.0,4990
257,199.64,25.0,4991
258,200.72,25.0,5018
259,201.8,25.0,5045
260,202.88,25.0,5072
261,202.92,25.0,5073
262,204.08,25.0,5102
263,205.24,25.0,5131
264,206.44,25.0,5161
265,206.48,25.0,5162
266,206.8,25.0,5170
267,207.12,25.0,5178
268,207.44,25.0,5186
269,207.48,25.0,5187
270,207.72,25.0,5193
271,207.96,25.0,5199
272,208.2,25.0,5205
273,208.24,25.0,5206
274,208.44,25.0,5211
275,208.64,25.0,5216
276,208.84,25.0,5221
277,208.88,25.0,5222
278,209.16,25.0,5229
279,209.44,25.0,5236
280,209.72,25.0,5243
281,209.76,25.0,5244
282,210.04,25.0,5251
283,210.32,25.0,5258
284,210.6,25.0,5265
285,210.64,25.0,5266
286,210.88,25.0,5272
287,211.12,25.0,5278
288,211.4,25.0,5285
289,211.44,25.0,5286
290,211.88,25.0,5297
291,212.32,25.0,5308
292,212.8,25.0,5320
293,212.84,25.0,5321
294,213.28,25.0,5332
295,213.72,25.0,5343
296,214.2,25.0,5355
297,214.24,25.0,5356
298,214.44,25.0,5361
299,214.64,25.0,5366
300,214.84,25.0,5371
301,214.88,25.0,5372
302,215.44,25.0,5386
303,216.0,25.0,5400
304,216.6,25.0,5415
305,216.64,25.0,5416
306,216.92,25.0,5423
307,217.2,25.0,5430
308,217.52,25.0,5438
309,217.56,25.0,5439
310,219.76,25.0,5494
311,222.0,25.0,5550
312,224.24,25.0,5606
313,224.28,25.0,5607
314,229.8,25.0,5745
315,235.32,25.0,5883
316,240.84,25.0,6021
317,240.88,25.0,6022
318,242.52,25.0,6063
319,244.16,25.0,6104
320,245.8,25.0,6145
321,245.84,25.0,6146
322,246.4,25.0,6160
323,246.96,25.0,6174
324,247.52,25.0,6188
325,247.56,25.0,6189
326,248.32,25.0,6208
327,249.08,25.0,6227
328,249.88,25.0,6247
329,249.92,25.0,6248
330,251.6,25.0,6290
331,253.28,25.0,6332
332,254.96,25.0,6374
333,255.0,25.0,6375
334,255.52,25.0,6388
335,256.04,25.0,6401
336,256.6,25.0,6415
337,256.64,25.0,6416
338,257.64,25.0,6441
339,258.64,25.0,6466
340,259.64,25.0,6491
341,259.68,25.0,6492
342,260.56,25.0,6514
343,261.44,25.0,6536
344,262.36,25.0,6559
345,262.4,25.0,6560
346,263.88,25.0,6597
347,265.4,25.0,6635
348,266.92,25.0,6673
349,266.96,25.0,6674
350,267.52,25.0,6688
351,268.12,25.0,6703
352,268.72,25.0,6718
353,268.76,25.0,6719
354,269.04,25.0,6726
355,269.32,25.0,6733
356,269.6,25.0,6740
357,269.64,25.0,6741
358,270.52,25.0,6763
359,271.4,25.0,6785
360,272.32,25.0,6808
361,272.36,25.0,6809
362,273.04,25.0,6826
363,273.76,25.0,6844
364,274.48,25.0,6862
365,274.52,25.0,6863
366,275.48,25.0,6887
367,276.48,25.0,6912
368,277.48,25.0,6937
369,277.52,25.0,6938
370,278.16,25.0,6954
371,278.8,25.0,6970
372,279.48,25.0,6987
373,279.52,25.0,6988
374,280.28,25.0,7007
375,281.04,25.0,7026
376,281.84,25.0,7046
377,281.88,25.0,7047
378,282.8,25.0,7070
379,283.76,25.0,7094
380,284.72,25.0,7118
381,284.76,25.0,7119
382,285.2,25.0,7130
383,285.64,25.0,7141
384,286.12,25.0,7153
385,286.16,25.0,7154
386,286.8,25.0,7170
387,287.48,25.0,7187
388,288.16,25.0,7204
389,288.2,25.0,7205
390,289.04,25.0,7226
391,289.92,25.0,7248
392,290.8,25.0,7270
393,290.84,25.0,7271
394,291.4,25.0,7285
395,292.0,25.0,7300
396,292.6,25.0,7315
397,292.64,25.0,7316
398,292.96,25.0,7324
399,293.28,25.0,7332
400,293.6,25.0,7340
401,293.64,25.0,7341
402,294.4,25.0,7360
403,295.2,25.0,7380
404,296.0,25.0,7400
405,296.04,25.0,7401
406,297.96,25.0,7449
407,299.88,25.0,7497
408,301.8,25.0,7545
409,301.84,25.0,7546
410,306.72,25.0,7668
411,311.6,25.0,7790
412,316.52,25.0,7913
413,316.56,25.0,7914
414,316.72,25.0,7918
415,316.88,25.0,7922
416,317.08,25.0,7927
417,317.12,25.0,7928
418,317.72,25.0,7943
419,318.32,25.0,7958
420,318.92,25.0,7973
421,318.96,25.0,7974
422,319.88,25.0,7997
423,320.84,25.0,8021
424,321.8,25.0,8045
425,321.84,25.0,8046
426,322.44,25.0,8061
427,323.04,25.0,8076
428,323.68,25.0,8092
429,323.72,25.0,8093
430,324.2,25.0,8105
431,324.72,25.0,8118
432,325.24,25.0,8131
433,325.28,25.0,8132
434,327.0,25.0,8175
435,328.72,25.0,8218
436,330.44,25.0,8261
437,330.48,25.0,8262
438,332.44,25.0,8311
439,334.4,25.0,8360
440,336.4,25.0,8410
441,336.44,25.0,8411
442,337.4,25.0,8435
443,338.36,25.0,8459
444,339.32,25.0,8483
445,339.36,25.0,8484
446,339.72,25.0,8493
447,340.08,25.0,8502
448,340.48,25.0,8512
449,340.52,25.0,8513
450,341.12,25.0,8528
451,341.72,25.0,8543
452,342.36,25.0,8559
453,342.4,25.0,8560
454,342.84,25.0,8571
455,343.28,25.0,8582
456,343.76,25.0,8594
457,343.8,25.0,8595
458,344.16,25.0,8604
459,344.56,25.0,8614
460,344.96,25.0,8624
461,345.0,25.0,8625
462,345.4,25.0,8635
463,345.8,25.0,8645
464,346.24,25.0,8656
465,346.28,25.0,8657
466,346.88,25.0,8672
467,347.52,25.0,8688
468,348.16,25.0,8704
469,348.2,25.0,8705
470,349.04,25.0,8726
471,349.92,25.0,8748
472,350.8,25.0,8770
473,350.84,25.0,8771
474,351.2,25.0,8780
475,351.6,25.0,8790
476,352.0,25.0,8800
477,352.04,25.0,8801
478,352.48,25.0,8812
479,352.92,25.0,8823
480,353.36,25.0,8834
481,353.4,25.0,8835
482,353.68,25.0,8842
483,354.0,25.0,8850
484,354.32,25.0,8858
485,354.36,25.0,8859
486,355.36,25.0,8884
487,356.4,25.0,8910
488,357.44,25.0,8936
489,357.48,25.0,8937
490,359.64,25.0,8991
491,361.8,25.0,9045
492,364.0,25.0,9100
493,364.04,25.0,9101
494,364.88,25.0,9122
495,365.72,25.0,9143
496,366.56,25.0,9164
497,366.6,25.0,9165
498,367.36,25.0,9184
499,368.16,25.0,9204
500,368.96,25.0,9224
501,369.0,25.0,9225
502,369.8,25.0,9245
503,370.6,25.0,9265
504,371.44,25.0,9286
505,371.48,25.0,9287
506,372.36,25.0,9309
507,373.24,25.0,9331
508,374.12,25.0,9353
509,374.16,25.0,9354
510,374.72,25.0,9368
511,375.28,25.0,9382
512,375.88,25.0,9397
513,375.92,25.0,9398
514,376.96,25.0,9424
515,378.04,25.0,9451
516,379.12,25.0,9478
517,379.16,25.0,9479
518,379.52,25.0,9488
519,379.88,25.0,9497
520,380.28,25.0,9507
521,380.32,25.0,9508
522,380.88,25.0,9522
523,381.44,25.0,9536
524,382.0,25.0,9550
525,382.04,25.0,9551
526,382.56,25.0,9564
527,383.08,25.0,9577
528,383.6,25.0,9590
529,383.64,25.0,9591
530,385.04,25.0,9626
531,386.48,25.0,9662
532,387.92,25.0,9698
533,387.96,25.0,9699
534,393.08,25.0,9827
535,398.24,25.0,9956
536,403.4,25.0,10085
537,403.44,25.0,10086
538,404.28,25.0,10107
539,405.12,25.0,10128
540,405.96,25.0,10149
541,406.0,25.0,10150
542,406.8,25.0,10170
543,407.6,25.0,10190
544,408.44,25.0,10211
545,408.48,25.0,10212
546,409.28,25.0,10232
547,410.12,25.0,10253
548,410.96,25.0,10274
549,411.0,25.0,10275
550,411.32,25.0,10283
551,411.64,25.0,10291
552,412.0,25.0,10300
553,412.04,25.0,10301
554,412.8,25.0,10320
555,413.6,25.0,10340
556,414.4,25.0,10360
557,414.44,25.0,10361
558,415.52,25.0,10388
559,416.6,25.0,10415
560,417.72,25.0,10443
561,417.76,25.0,10444
562,418.4,25.0,10460
563,419.04,25.0,10476
564,419.72,25.0,10493
565,419.76,25.0,10494
566,420.52,25.0,10513
567,421.28,25.0,10532
568,422.08,25.0,10552
569,422.12,25.0,10553
570,423.04,25.0,10576
571,424.0,25.0,10600
572,424.96,25.0,10624
573,425.0,25.0,10625
574,425.56,25.0,10639
575,426.12,25.0,10653
576,426.68,25.0,10667
577,426.72,25.0,10668
578,427.36,25.0,10684
579,428.04,25.0,10701
580,428.72,25.0,10718
581,428.76,25.0,10719
582,430.04,25.0,10751
583,431.36,25.0,10784
584,432.68,25.0,10817
585,432.72,25.0,10818
586,434.12,25.0,10853
587,435.52,25.0,10888
588,436.96,25.0,10924
589,437.0,25.0,10925
590,437.6,25.0,10940
591,438.24,25.0,10956
592,438.88,25.0,10972
593,438.92,25.0,10973
594,439.2,25.0,10980
595,439.52,25.0,10988
596,439.84,25.0,10996
597,439.88,25.0,10997
598,441.76,25.0,11044
599,443.64,25.0,11091
600,445.52,25.0,11138
601,445.56,25.0,11139
602,446.28,25.0,11157
603,447.04,25.0,11176
604,447.8,25.0,11195
605,447.84,25.0,11196
606,448.68,25.0,11217
607,449.52,25.0,11238
608,450.36,25.0,11259
609,450.4,25.0,11260
610,451.28,25.0,11282
611,452.16,25.0,11304
612,453.04,25.0,11326
613,453.08,25.0,11327
614,454.24,25.0,11356
615,455.44,25.0,11386
616,456.64,25.0,11416
617,456.68,25.0,11417
618,457.76,25.0,11444
619,458.84,25.0,11471
620,459.96,25.0,11499
621,460.0,25.0,11500
622,460.84,25.0,11521
623,461.72,25.0,11543
624,462.6,25.0,11565
625,462.64,25.0,11566
626,463.04,25.0,11576
627,463.44,25.0,11586
628,463.88,25.0,11597
629,463.92,25.0,11598
630,464.76,25.0,11619
631,465.64,25.0,11641
632,466.52,25.0,11663
633,466.56,25.0,11664
634,467.0,25.0,11675
635,467.44,25.0,11686
636,467.92,25.0,11698
637,467.96,25.0,11699
638,469.12,25.0,11728
639,470.28,25.0,11757
640,471.44,25.0,11786
641,471.48,25.0,11787
642,472.56,25.0,11814
643,473.68,25.0,11842
644,474.8,25.0,11870
645,474.84,25.0,11871
646,475.84,25.0,11896
647,476.84,25.0,11921
648,477.88,25.0,11947
649,477.92,25.0,11948
650,478.72,25.0,11968
651,479.52,25.0,11988
652,480.36,25.0,12009
653,480.4,25.0,12010
654,481.04,25.0,12026
655,481.68,25.0,12042
656,482.36,25.0,12059
657,482.4,25.0,12060
658,487.32,25.0,12183
659,492.24,25.0,12306
660,497.2,25.0,12430
661,497.24,25.0,12431
662,498.44,25.0,12461
663,499.64,25.0,12491
664,500.84,25.0,12521
665,500.88,25.0,12522
666,501.64,25.0,12541
667,502.4,25.0,12560
668,503.2,25.0,12580
669,503.24,25.0,12581
670,504.4,25.0,12610
671,505.56,25.0,12639
672,506.76,25.0,12669
673,506.8,25.0,12670
674,507.84,25.0,12696
675,508.88,25.0,12722
676,509.96,25.0,12749
677,510.0,25.0,12750
678,511.28,25.0,12782
679,512.6,25.0,12815
680,513.92,25.0,12848
681,513.96,25.0,12849
682,514.44,25.0,12861
683,514.96,25.0,12874
684,515.48,25.0,12887
685,515.52,25.0,12888
686,516.16,25.0,12904
687,516.84,25.0,12921
688,517.52,25.0,12938
689,517.56,25.0,12939
690,518.28,25.0,12957
691,519.0,25.0,12975
692,519.72,25.0,12993
693,519.76,25.0,12994
694,520.4,25.0,13010
695,521.04,25.0,13026
696,521.68,25.0,13042
697,521.72,25.0,13043
698,522.24,25.0,13056
699,522.8,25.0,13070
700,523.36,25.0,13084
701,523.4,25.0,13085
702,525.8,25.0,13145
703,528.24,25.0,13206
704,530.68,25.0,13267
705,530.72,25.0,13268
706,531.64,25.0,13291
707,532.6,25.0,13315
708,533.56,25.0,13339
709,533.6,25.0,13340
710,534.52,25.0,13363
711,535.48,25.0,13387
712,536.44,25.0,13411
713,536.48,25.0,13412
714,537.28,25.0,13432
715,538.08,25.0,13452
716,538.88,25.0,13472
717,538.92,25.0,13473
718,539.92,25.0,13498
719,540.92,25.0,13523
720,541.96,25.0,13549
721,542.0,25.0,13550
722,542.64,25.0,13566
723,543.32,25.0,13583
724,544.0,25.0,13600
725,544.04,25.0,13601
726,544.64,25.0,13616
727,545.24,25.0,13631
728,545.88,25.0,13647
729,545.92,25.0,13648
730,546.8,25.0,13670
731,547.68,25.0,13692
732,548.56,25.0,13714
733,548.6,25.0,13715
734,549.32,25.0,13733
735,550.08,25.0,13752
736,550.84,25.0,13771
737,550.88,25.0,13772
738,551.56,25.0,13789
739,552.28,25.0,13807
740,553.0,25.0,13825
741,553.04,25.0,13826
742,558.52,25.0,13963
743,564.04,25.0,14101
744,569.56,25.0,14239
745,569.6,25.0,14240
746,570.4,25.0,14260
747,571.2,25.0,14280
748,572.0,25.0,14300
749,572.04,25.0,14301
750,572.76,25.0,14319
751,573.48,25.0,14337
752,574.24,25.0,14356
753,574.28,25.0,14357
754,574.8,25.0,14370
755,575.36,25.0,14384
756,575.92,25.0,14398
757,575.96,25.0,14399
758,576.76,25.0,14419
759,577.56,25.0,14439
760,578.36,25.0,14459
761,578.4,25.0,14460
762,579.28,25.0,14482
763,580.2,25.0,14505
764,581.12,25.0,14528
765,581.16,25.0,14529
766,581.32,25.0,14533
767,581.52,25.0,14538
768,581.72,25.0,14543
769,581.76,25.0,14544
770,582.68,25.0,14567
771,583.6,25.0,14590
772,584.56,25.0,14614
773,584.6,25.0,14615
774,585.36,25.0,14634
775,586.12,25.0,14653
776,586.92,25.0,14673
777,586.96,25.0,14674
778,587.56,25.0,14689
779,588.16,25.0,14704
780,588.8,25.0,14720
781,588.84,25.0,14721
782,589.36,25.0,14734
783,589.92,25.0,14748
784,590.48,25.0,14762
785,590.52,25.0,14763
786,591.08,25.0,14777
787,591.64,25.0,14791
788,592.24,25.0,14806
789,592.28,25.0,14807
790,593.28,25.0,14832
791,594.28,25.0,14857
792,595.32,25.0,14883
793,595.36,25.0,14884
794,595.68,25.0,14892
795,596.0,25.0,14900
796,596.36,25.0,14909
797,596.4,25.0,14910
798,597.24,25.0,14931
799,598.12,25.0,14953
800,599.0,25.0,14975
801,599.04,25.0,14976
802,600.16,25.0,15004
803,601.28,25.0,15032
804,602.44,25.0,15061
805,602.48,25.0,15062
806,603.96,25.0,15099
807,605.44,25.0,15136
808,606.92,25.0,15173
809,606.96,25.0,15174
810,607.4,25.0,15185
811,607.88,25.0,15197
812,608.36,25.0,15209
813,608.4,25.0,15210
814,609.24,25.0,15231
815,610.08,25.0,15252
816,610.92,25.0,15273
817,610.96,25.0,15274
818,611.32,25.0,15283
819,611.68,25.0,15292
820,612.04,25.0,15301
821,612.08,25.0,15302
822,612.72,25.0,15318
823,613.36,25.0,15334
824,614.0,25.0,15350
825,614.04,25.0,15351
826,615.2,25.0,15380
827,616.36,25.0,15409
828,617.56,25.0,15439
829,617.6,25.0,15440
830,618.76,25.0,15469
831,619.96,25.0,15499
832,621.16,25.0,15529
833,621.2,25.0,15530
834,622.72,25.0,15568
835,624.28,25.0,15607
836,625.84,25.0,15646
837,625.88,25.0,15647
838,626.72,25.0,15668
839,627.6,25.0,15690
840,628.48,25.0,15712
841,628.52,25.0,15713
842,629.36,25.0,15734
843,630.2,25.0,15755
844,631.08,25.0,15777
845,631.12,25.0,15778
846,631.76,25.0,15794
847,632.4,25.0,15810
848,633.04,25.0,15826
849,633.08,25.0,15827
850,633.48,25.0,15837
851,633.92,25.0,15848
852,634.36,25.0,15859
853,634.4,25.0,15860
854,634.96,25.0,15874
855,635.56,25.0,15889
856,636.16,25.0,15904
857,636.2,25.0,15905
858,637.0,25.0,15925
859,637.84,25.0,15946
860,638.68,25.0,15967
861,638.72,25.0,15968
862,639.44,25.0,15986
863,640.2,25.0,16005
864,640.96,25.0,16024
865,641.0,25.0,16025
866,641.64,25.0,16041
867,642.32,25.0,16058
868,643.0,25.0,16075
869,643.04,25.0,16076
870,643.72,25.0,16093
871,644.44,25.0,16111
872,645.16,25.0,16129
873,645.2,25.0,16130
874,645.88,25.0,16147
875,646.6,25.0,16165
876,647.32,25.0,16183
877,647.36,25.0,16184
878,648.12,25.0,16203
879,648.92,25.0,16223
880,649.72,25.0,16243
881,649.76,25.0,16244
882,650.44,25.0,16261
883,651.16,25.0,16279
884,651.88,25.0,16297
885,651.92,25.0,16298
886,652.32,25.0,16308
887,652.72,25.0,16318
888,653.16,25.0,16329
889,653.2,25.0,16330
890,653.92,25.0,16348
891,654.64,25.0,16366
892,655.4,25.0,16385
893,655.44,25.0,16386
894,657.0,25.0,16425
895,658.56,25.0,16464
896,660.12,25.0,16503
897,660.16,25.0,16504
898,664.48,25.0,16612
899,668.8,25.0,16720
900,673.12,25.0,16828
901,673.16,25.0,16829
902,675.2,25.0,16880
903,677.24,25.0,16931
904,679.28,25.0,16982
905,679.32,25.0,16983
906,680.36,25.0,17009
907,681.4,25.0,17035
908,682.44,25.0,17061
909,682.48,25.0,17062
910,683.64,25.0,17091
911,684.8,25.0,17120
912,685.96,25.0,17149
913,686.0,25.0,17150
914,687.28,25.0,17182
915,688.56,25.0,17214
916,689.88,25.0,17247
917,689.92,25.0,17248
918,690.92,25.0,17273
919,691.92,25.0,17298
920,692.92,25.0,17323
921,692.96,25.0,17324
922,694.44,25.0,17361
923,695.96,25.0,17399
924,697.48,25.0,17437
925,697.52,25.0,17438
926,699.12,25.0,17478
927,700.72,25.0,17518
928,702.36,25.0,17559
929,702.4,25.0,17560
930,702.76,25.0,17569
931,703.16,25.0,17579
932,703.56,25.0,17589
933,703.6,25.0,17590
934,704.84,25.0,17621
935,706.08,25.0,17652
936,707.32,25.0,17683
937,707.36,25.0,17684
938,709.48,25.0,17737
939,711.64,25.0,17791
940,713.8,25.0,17845
941,713.84,25.0,17846
942,715.12,25.0,17878
943,716.4,25.0,17910
944,717.72,25.0,17943
945,717.76,25.0,17944
946,718.88,25.0,17972
947,720.0,25.0,18000
948,721.16,25.0,18029
949,721.2,25.0,18030
950,722.0,25.0,18050
951,722.8,25.0,18070
952,723.64,25.0,18091
953,723.68,25.0,18092
954,724.28,25.0,18107
955,724.88,25.0,18122
956,725.48,25.0,18137
957,725.52,25.0,18138
958,726.76,25.0,18169
959,728.04,25.0,18201
960,729.32,25.0,18233
961,729.36,25.0,18234
962,730.44,25.0,18261
963,731.52,25.0,18288
964,732.6,25.0,18315
965,732.64,25.0,18316
966,733.4,25.0,18335
967,734.16,25.0,18354
968,734.96,25.0,18374
969,735.0,25.0,18375
970,735.72,25.0,18393
971,736.48,25.0,18412
972,737.24,25.0,18431
973,737.28,25.0,18432
974,737.96,25.0,18449
975,738.64,25.0,18466
976,739.32,25.0,18483
977,739.36,25.0,18484
978,739.76,25.0,18494
979,740.16,25.0,18504
980,740.6,25.0,18515
981,740.64,25.0,18516
982,744.56,25.0,18614
983,748.48,25.0,18712
984,752.44,25.0,18811
985,752.48,25.0,18812
986,752.72,25.0,18818
987,752.96,25.0,18824
988,753.2,25.0,18830
989,753.24,25.0,18831
990,754.32,25.0,18858
991,755.4,25.0,18885
992,756.52,25.0,18913
993,756.56,25.0,18914
994,757.76,25.0,18944
995,758.96,25.0,18974
996,760.2,25.0,19005
997,760.24,25.0,19006
998,760.52,25.0,19013
999,760.84,25.0,19021
1000,761.16,25.0,19029
1001,761.2,25.0,19030
1002,762.68,25.0,19067
1003,764.2,25.0,19105
1004,765.72,25.0,19143
1005,765.76,25.0,19144
1006,766.52,25.0,19163
1007,767.28,25.0,19182
1008,768.08,25.0,19202
1009,768.12,25.0,19203
1010,769.16,25.0,19229
1011,770.2,25.0,19255
1012,771.28,25.0,19282
1013,771.32,25.0,19283
1014,773.36,25.0,19334
1015,775.4,25.0,19385
1016,777.48,25.0,19437
1017,777.52,25.0,19438
1018,778.04,25.0,19451
1019,778.6,25.0,19465
1020,779.16,25.0,19479
1021,779.2,25.0,19480
1022,780.28,25.0,19507
1023,781.4,25.0,19535
1024,782.52,25.0,19563
1025,782.56,25.0,19564
1026,783.56,25.0,19589
1027,784.56,25.0,19614
1028,785.6,25.0,19640
1029,785.64,25.0,19641
1030,786.72,25.0,19668
1031,787.84,25.0,19696
1032,788.96,25.0,19724
1033,789.04,25.0,19726
1034,789.48,25.0,19737
1035,789.96,25.0,19749
1036,790.44,25.0,19761
1037,790.48,25.0,19762
1038,791.24,25.0,19781
1039,792.0,25.0,19800
1040,792.76,25.0,19819
1041,792.8,25.0,19820
1042,793.24,25.0,19831
1043,793.72,25.0,19843
1044,794.2,25.0,19855
1045,794.24,25.0,19856
1046,795.12,25.0,19878
1047,796.04,25.0,19901
1048,796.96,25.0,19924
1049,797.0,25.0,19925
1050,797.68,25.0,19942
1051,798.36,25.0,19959
1052,799.04,25.0,19976
1053,799.08,25.0,19977
1054,799.64,25.0,19991
1055,800.2,25.0,20005
1056,800.76,25.0,20019
1057,800.8,25.0,20020
1058,802.76,25.0,20069
1059,804.72,25.0,20118
1060,806.72,25.0,20168
1061,806.76,25.0,20169
1062,808.12,25.0,20203
1063,809.52,25.0,20238
1064,810.92,25.0,20273
1065,810.96,25.0,20274
1066,812.68,25.0,20317
1067,814.4,25.0,20360
1068,816.12,25.0,20403
1069,816.16,25.0,20404
1070,818.92,25.0,20473
1071,821.68,25.0,20542
1072,824.44,25.0,20611
1073,824.48,25.0,20612
1074,825.52,25.0,20638
1075,826.6,25.0,20665
1076,827.68,25.0,20692
1077,827.72,25.0,20693
1078,829.4,25.0,20735
1079,831.08,25.0,20777
1080,832.76,25.0,20819
1081,832.8,25.0,20820
1082,837.2,25.0,20930
1083,841.64,25.0,21041
1084,846.08,25.0,21152
1085,846.12,25.0,21153
1086,847.04,25.0,21176
1087,848.0,25.0,21200
1088,848.96,25.0,21224
1089,849.0,25.0,21225
1090,850.96,25.0,21274
1091,852.96,25.0,21324
1092,854.96,25.0,21374
1093,855.0,25.0,21375
1094,856.52,25.0,21413
1095,858.04,25.0,21451
1096,859.6,25.0,21490
1097,859.64,25.0,21491
1098,860.48,25.0,21512
1099,861.32,25.0,21533
1100,862.16,25.0,21554
1101,862.2,25.0,21555
1102,862.8,25.0,21570
1103,863.44,25.0,21586
1104,864.08,25.0,21602
1105,864.12,25.0,21603
1106,865.12,25.0,21628
1107,866.12,25.0,21653
1108,867.16,25.0,21679
1109,867.2,25.0,21680
1110,868.08,25.0,21702
1111,868.96,25.0,21724
1112,869.84,25.0,21746
1113,869.88,25.0,21747
1114,870.8,25.0,21770
1115,871.72,25.0,21793
1116,872.68,25.0,21817
1117,872.72,25.0,21818
1118,873.52,25.0,21838
1119,874.32,25.0,21858
1120,875.12,25.0,21878
1121,875.16,25.0,21879
1122,875.8,25.0,21895
1123,876.44,25.0,21911
1124,877.08,25.0,21927
1125,877.12,25.0,21928
1126,877.6,25.0,21940
1127,878.08,25.0,21952
1128,878.6,25.0,21965
1129,878.64,25.0,21966
1130,879.44,25.0,21986
1131,880.24,25.0,22006
1132,881.08,25.0,22027
1133,881.12,25.0,22028
1134,882.0,25.0,22050
1135,882.88,25.0,22072
1136,883.8,25.0,22095
1137,883.84,25.0,22096
1138,884.44,25.0,22111
1139,885.04,25.0,22126
1140,885.68,25.0,22142
1141,885.72,25.0,22143
1142,889.8,25.0,22245
1143,893.88,25.0,22347
1144,898.0,25.0,22450
1145,898.04,25.0,22451
1146,898.76,25.0,22469
1147,899.52,25.0,22488
1148,900.28,25.0,22507
1149,900.32,25.0,22508
1150,902.28,25.0,22557
1151,904.28,25.0,22607
1152,906.28,25.0,22657
1153,906.32,25.0,22658
1154,907.2,25.0,22680
1155,908.12,25.0,22703
1156,909.04,25.0,22726
1157,909.08,25.0,22727
1158,909.8,25.0,22745
1159,910.56,25.0,22764
1160,911.32,25.0,22783
1161,911.36,25.0,22784
1162,913.08,25.0,22827
1163,914.8,25.0,22870
1164,916.52,25.0,22913
1165,916.56,25.0,22914
1166,917.84,25.0,22946
1167,919.16,25.0,22979
1168,920.48,25.0,23012
1169,920.52,25.0,23013
1170,921.2,25.0,23030
1171,921.88,25.0,23047
1172,922.6,25.0,23065
1173,922.64,25.0,23066
1174,923.8,25.0,23095
1175,924.96,25.0,23124
1176,926.12,25.0,23153
1177,926.16,25.0,23154
1178,926.48,25.0,23162
1179,926.84,25.0,23171
1180,927.2,25.0,23180
1181,927.24,25.0,23181
1182,928.68,25.0,23217
1183,930.12,25.0,23253
1184,931.56,25.0,23289
1185,931.6,25.0,23290
1186,932.92,25.0,23323
1187,934.24,25.0,23356
1188,935.6,25.0,23390
1189,935.64,25.0,23391
1190,936.52,25.0,23413
1191,937.4,25.0,23435
1192,938.28,25.0,23457
1193,938.32,25.0,23458
1194,939.16,25.0,23479
1195,940.0,25.0,23500
1196,940.88,25.0,23522
1197,940.92,25.0,23523
1198,943.68,25.0,23592
1199,946.44,25.0,23661
1200,949.24,25.0,23731
1201,949.28,25.0,23732
1202,950.24,25.0,23756
1203,951.24,25.0,23781
1204,952.24,25.0,23806
1205,952.28,25.0,23807
1206,953.28,25.0,23832
1207,954.28,25.0,23857
1208,955.28,25.0,23882
1209,955.32,25.0,23883
1210,956.84,25.0,23921
1211,958.36,25.0,23959
1212,959.88,25.0,23997
1213,959.92,25.0,23998
1214,961.0,25.0,24025
1215,962.08,25.0,24052
1216,963.16,25.0,24079
1217,963.2,25.0,24080
1218,967.2,25.0,24180
1219,971.24,25.0,24281
1220,975.28,25.0,24382
1221,975.32,25.0,24383
1222,976.6,25.0,24415
1223,977.92,25.0,24448
1224,979.24,25.0,24481
1225,979.28,25.0,24482
1226,980.12,25.0,24503
1227,980.96,25.0,24524
1228,981.8,25.0,24545
1229,981.84,25.0,24546
1230,982.76,25.0,24569
1231,983.72,25.0,24593
1232,984.68,25.0,24617
1233,984.72,25.0,24618
1234,985.72,25.0,24643
1235,986.76,25.0,24669
1236,987.8,25.0,24695
1237,987.84,25.0,24696
1238,988.6,25.0,24715
1239,989.36,25.0,24734
1240,990.12,25.0,24753
1241,990.16,25.0,24754
1242,991.0,25.0,24775
1243,991.88,25.0,24797
1244,992.76,25.0,24819
1245,992.8,25.0,24820
1246,993.52,25.0,24838
1247,994.24,25.0,24856
1248,995.0,25.0,24875
1249,995.04,25.0,24876
1250,998.2,25.0,24955
1251,1001.36,25.0,25034
1252,1004.52,25.0,25113
1253,1004.56,25.0,25114
1254,1005.8,25.0,25145
1255,1007.04,25.0,25176
1256,1008.28,25.0,25207
1257,1008.32,25.0,25208
1258,1012.52,25.0,25313
1259,1016.76,25.0,25419
1260,1021.0,25.0,25525
1261,1021.04,25.0,25526
1262,1022.44,25.0,25561
1263,1023.84,25.0,25596
1264,1025.28,25.0,25632
1265,1025.32,25.0,25633
1266,1025.96,25.0,25649
1267,1026.64,25.0,25666
1268,1027.32,25.0,25683
1269,1027.36,25.0,25684
1270,1027.88,25.0,25697
1271,1028.4,25.0,25710
1272,1028.96,25.0,25724
1273,1029.0,25.0,25725
1274,1030.8,25.0,25770
1275,1032.6,25.0,25815
1276,1034.44,25.0,25861
1277,1034.48,25.0,25862
1278,1035.48,25.0,25887
1279,1036.48,25.0,25912
1280,1037.48,25.0,25937
1281,1037.52,25.0,25938
1282,1038.32,25.0,25958
1283,1039.16,25.0,25979
1284,1040.0,25.0,26000
1285,1040.04,25.0,26001
1286,1041.96,25.0,26049
1287,1043.88,25.0,26097
1288,1045.8,25.0,26145
1289,1045.84,25.0,26146
1290,1047.36,25.0,26184
1291,1048.88,25.0,26222
1292,1050.4,25.0,26260
1293,1050.44,25.0,26261
1294,1051.28,25.0,26282
1295,1052.12,25.0,26303
1296,1053.0,25.0,26325
1297,1053.04,25.0,26326
1298,1054.12,25.0,26353
1299,1055.24,25.0,26381
1300,1056.36,25.0,26409
1301,1056.4,25.0,26410
1302,1057.16,25.0,26429
1303,1057.96,25.0,26449
1304,1058.76,25.0,26469
1305,1058.8,25.0,26470
1306,1059.72,25.0,26493
1307,1060.68,25.0,26517
1308,1061.64,25.0,26541
1309,1061.68,25.0,26542
1310,1062.84,25.0,26571
1311,1064.04,25.0,26601
1312,1065.24,25.0,26631
1313,1065.28,25.0,26632
1314,1066.28,25.0,26657
1315,1067.28,25.0,26682
1316,1068.32,25.0,26708
1317,1068.36,25.0,26709
1318,1069.2,25.0,26730
1319,1070.08,25.0,26752
1320,1070.96,25.0,26774
1321,1071.0,25.0,26775
1322,1072.12,25.0,26803
1323,1073.24,25.0,26831
1324,1074.36,25.0,26859
1325,1074.4,25.0,26860
1326,1078.8,25.0,26970
1327,1083.2,25.0,27080
1328,1087.64,25.0,27191
1329,1087.68,25.0,27192
1330,1090.2,25.0,27255
1331,1092.76,25.0,27319
1332,1095.32,25.0,27383
1333,1095.36,25.0,27384
1334,1098.0,25.0,27450
1335,1100.68,25.0,27517
1336,1103.36,25.0,27584
1337,1103.4,25.0,27585
1338,1105.56,25.0,27639
1339,1107.76,25.0,27694
1340,1109.96,25.0,27749
1341,1110.0,25.0,27750
1342,1112.64,25.0,27816
1343,1115.32,25.0,27883
1344,1118.0,25.0,27950
1345,1118.04,25.0,27951
1346,1119.92,25.0,27998
1347,1121.84,25.0,28046
1348,1123.76,25.0,28094
1349,1123.8,25.0,28095
1350,1124.68,25.0,28117
1351,1125.56,25.0,28139
1352,1126.48,25.0,28162
1353,1126.52,25.0,28163
1354,1127.44,25.0,28186
1355,1128.4,25.0,28210
1356,1129.36,25.0,28234
1357,1129.4,25.0,28235
1358,1133.2,25.0,28330
1359,1137.0,25.0,28425
1360,1140.8,25.0,28520
1361,1140.84,25.0,28521
1362,1141.0,25.0,28525
1363,1141.16,25.0,28529
1364,1141.32,25.0,28533
1365,1141.36,25.0,28534
1366,1143.08,25.0,28577
1367,1144.8,25.0,28620
1368,1146.56,25.0,28664
1369,1146.6,25.0,28665
1370,1149.88,25.0,28747
1371,1153.16,25.0,28829
1372,1156.48,25.0,28912
1373,1156.52,25.0,28913
1374,1161.4,25.0,29035
1375,1166.28,25.0,29157
1376,1171.16,25.0,29279
1377,1171.2,25.0,29280
1378,1174.2,25.0,29355
1379,1177.24,25.0,29431
1380,1180.28,25.0,29507
1381,1180.32,25.0,29508
1382,1181.28,25.0,29532
1383,1182.24,25.0,29556
1384,1183.24,25.0,29581
1385,1183.28,25.0,29582
1386,1184.0,25.0,29600
1387,1184.72,25.0,29618
1388,1185.48,25.0,29637
1389,1185.52,25.0,29638
1390,1186.56,25.0,29664
1391,1187.6,25.0,29690
1392,1188.68,25.0,29717
1393,1188.72,25.0,29718
1394,1190.72,25.0,29768
1395,1192.76,25.0,29819
1396,1194.8,25.0,29870
1397,1194.84,25.0,29871
1398,1197.0,25.0,29925
1399,1199.2,25.0,29980
1400,1201.4,25.0,30035
1401,1201.44,25.0,30036
1402,1202.08,25.0,30052
1403,1202.72,25.0,30068
1404,1203.4,25.0,30085
1405,1203.44,25.0,30086
1406,1204.8,25.0,30120
1407,1206.2,25.0,30155
1408,1207.6,25.0,30190
1409,1207.64,25.0,30191
1410,1209.84,25.0,30246
1411,1212.04,25.0,30301
1412,1214.24,25.0,30356
1413,1214.28,25.0,30357
1414,1217.24,25.0,30431
1415,1220.24,25.0,30506
1416,1223.24,25.0,30581
1417,1223.28,25.0,30582
1418,1224.48,25.0,30612
1419,1225.68,25.0,30642
1420,1226.92,25.0,30673
1421,1226.96,25.0,30674
1422,1229.04,25.0,30726
1423,1231.12,25.0,30778
1424,1233.2,25.0,30830
1425,1233.24,25.0,30831
1426,1235.08,25.0,30877
1427,1236.96,25.0,30924
1428,1238.84,25.0,30971
1429,1238.88,25.0,30972
1430,1240.28,25.0,31007
1431,1241.68,25.0,31042
1432,1243.08,25.0,31077
1433,1243.12,25.0,31078
1434,1244.08,25.0,31102
1435,1245.04,25.0,31126
1436,1246.04,25.0,31151
1437,1246.08,25.0,31152
1438,1247.0,25.0,31175
1439,1247.92,25.0,31198
1440,1248.84,25.0,31221
1441,1248.88,25.0,31222
1442,1249.32,25.0,31233
1443,1249.76,25.0,31244
1444,1250.2,25.0,31255
1445,1250.24,25.0,31256
1446,1254.76,25.0,31369
1447,1259.28,25.0,31482
1448,1263.8,25.0,31595
1449,1263.84,25.0,31596
1450,1264.52,25.0,31613
1451,1265.2,25.0,31630
1452,1265.88,25.0,31647
1453,1265.92,25.0,31648
1454,1267.88,25.0,31697
1455,1269.84,25.0,31746
1456,1271.84,25.0,31796
1457,1271.88,25.0,31797
1458,1272.96,25.0,31824
1459,1274.04,25.0,31851
1460,1275.16,25.0,31879
1461,1275.2,25.0,31880
1462,1275.84,25.0,31896
1463,1276.52,25.0,31913
1464,1277.2,25.0,31930
1465,1277.24,25.0,31931
1466,1278.08,25.0,31952
1467,1278.92,25.0,31973
1468,1279.8,25.0,31995
1469,1279.84,25.0,31996
1470,1281.12,25.0,32028
1471,1282.4,25.0,32060
1472,1283.72,25.0,32093
1473,1283.76,25.0,32094
1474,1284.92,25.0,32123
1475,1286.08,25.0,32152
1476,1287.28,25.0,32182
1477,1287.32,25.0,32183
1478,1287.76,25.0,32194
1479,1288.2,25.0,32205
1480,1288.64,25.0,32216
1481,1288.68,25.0,32217
1482,1289.56,25.0,32239
1483,1290.44,25.0,32261
1484,1291.32,25.0,32283
1485,1291.36,25.0,32284
1486,1292.04,25.0,32301
1487,1292.72,25.0,32318
1488,1293.44,25.0,32336
1489,1293.48,25.0,32337
1490,1294.2,25.0,32355
1491,1294.92,25.0,32373
1492,1295.64,25.0,32391
1493,1295.68,25.0,32392
1494,1296.6,25.0,32415
1495,1297.52,25.0,32438
1496,1298.48,25.0,32462
1497,1298.52,25.0,32463
1498,1300.52,25.0,32513
1499,1302.56,25.0,32564
1500,1304.6,25.0,32615
1501,1304.64,25.0,32616
1502,1304.96,25.0,32624
1503,1305.32,25.0,32633
1504,1305.68,25.0,32642
1505,1305.72,25.0,32643
1506,1309.32,25.0,32733
1507,1312.92,25.0,32823
1508,1316.56,25.0,32914
1509,1316.6,25.0,32915
1510,1319.28,25.0,32982
1511,1321.96,25.0,33049
1512,1324.64,25.0,33116
1513,1324.68,25.0,33117
1514,1325.56,25.0,33139
1515,1326.44,25.0,33161
1516,1327.32,25.0,33183
1517,1327.36,25.0,33184
1518,1329.28,25.0,33232
1519,1331.2,25.0,33280
1520,1333.12,25.0,33328
1521,1333.16,25.0,33329
1522,1334.08,25.0,33352
1523,1335.0,25.0,33375
1524,1335.96,25.0,33399
1525,1336.0,25.0,33400
1526,1336.56,25.0,33414
1527,1337.12,25.0,33428
1528,1337.68,25.0,33442
1529,1337.72,25.0,33443
1530,1338.64,25.0,33466
1531,1339.56,25.0,33489
1532,1340.48,25.0,33512
1533,1340.52,25.0,33513
1534,1341.32,25.0,33533
1535,1342.12,25.0,33553
1536,1342.92,25.0,33573
1537,1342.96,25.0,33574
1538,1343.48,25.0,33587
1539,1344.04,25.0,33601
1540,1344.6,25.0,33615
1541,1344.64,25.0,33616
1542,1345.36,25.0,33634
1543,1346.08,25.0,33652
1544,1346.8,25.0,33670
1545,1346.84,25.0,33671
1546,1347.52,25.0,33688
1547,1348.2,25.0,33705
1548,1348.88,25.0,33722
1549,1348.92,25.0,33723
1550,1349.6,25.0,33740
1551,1350.32,25.0,33758
1552,1351.04,25.0,33776
1553,1351.08,25.0,33777
1554,1351.92,25.0,33798
1555,1352.8,25.0,33820
1556,1353.68,25.0,33842
1557,1353.72,25.0,33843
1558,1354.68,25.0,33867
1559,1355.68,25.0,33892
1560,1356.68,25.0,33917
1561,1356.72,25.0,33918
1562,1358.2,25.0,33955
1563,1359.68,25.0,33992
1564,1361.2,25.0,34030
1565,1361.24,25.0,34031
1566,1362.6,25.0,34065
1567,1363.96,25.0,34099
1568,1365.32,25.0,34133
1569,1365.36,25.0,34134
1570,1366.4,25.0,34160
1571,1367.44,25.0,34186
1572,1368.52,25.0,34213
1573,1368.56,25.0,34214
1574,1369.2,25.0,34230
1575,1369.84,25.0,34246
1576,1370.48,25.0,34262
1577,1370.52,25.0,34263
1578,1371.08,25.0,34277
1579,1371.68,25.0,34292
1580,1372.28,25.0,34307
1581,1372.32,25.0,34308
1582,1372.68,25.0,34317
1583,1373.08,25.0,34327
1584,1373.48,25.0,34337
1585,1373.52,25.0,34338
1586,1375.44,25.0,34386
1587,1377.36,25.0,34434
1588,1379.32,25.0,34483
1589,1379.36,25.0,34484
1590,1379.88,25.0,34497
1591,1380.44,25.0,34511
1592,1381.0,25.0,34525
1593,1381.04,25.0,34526
1594,1381.68,25.0,34542
1595,1382.32,25.0,34558
1596,1382.96,25.0,34574
1597,1383.0,25.0,34575
1598,1383.64,25.0,34591
1599,1384.32,25.0,34608
1600,1385.0,25.0,34625
1601,1385.04,25.0,34626
1602,1388.52,25.0,34713
1603,1392.0,25.0,34800
1604,1395.48,25.0,34887
1605,1395.52,25.0,34888
1606,1404.4,25.0,35110
1607,1413.28,25.0,35332
1608,1422.16,25.0,35554
1609,1422.2,25.0,35555
1610,1427.52,25.0,35688
1611,1432.84,25.0,35821
1612,1438.16,25.0,35954
1613,1438.2,25.0,35955
1614,1439.92,25.0,35998
1615,1441.68,25.0,36042
1616,1443.44,25.0,36086
1617,1443.48,25.0,36087
1618,1448.04,25.0,36201
1619,1452.64,25.0,36316
1620,1457.24,25.0,36431
1621,1457.28,25.0,36432
1622,1458.44,25.0,36461
1623,1459.64,25.0,36491
1624,1460.84,25.0,36521
1625,1460.88,25.0,36522
1626,1462.88,25.0,36572
1627,1464.92,25.0,36623
1628,1466.96,25.0,36674
1629,1467.0,25.0,36675
1630,1468.28,25.0,36707
1631,1469.56,25.0,36739
1632,1470.84,25.0,36771
1633,1470.88,25.0,36772
1634,1472.24,25.0,36806
1635,1473.6,25.0,36840
1636,1475.0,25.0,36875
1637,1475.04,25.0,36876
1638,1477.8,25.0,36945
1639,1480.56,25.0,37014
1640,1483.32,25.0,37083
1641,1483.36,25.0,37084
1642,1484.92,25.0,37123
1643,1486.48,25.0,37162
1644,1488.04,25.0,37201
1645,1488.08,25.0,37202
1646,1489.44,25.0,37236
1647,1490.8,25.0,37270
1648,1492.16,25.0,37304
1649,1492.2,25.0,37305
1650,1496.8,25.0,37420
1651,1501.4,25.0,37535
1652,1506.04,25.0,37651
1653,1506.08,25.0,37652
1654,1507.44,25.0,37686
1655,1508.8,25.0,37720
1656,1510.16,25.0,37754
1657,1510.2,25.0,37755
1658,1511.64,25.0,37791
1659,1513.12,25.0,37828
1660,1514.6,25.0,37865
1661,1514.64,25.0,37866
1662,1516.32,25.0,37908
1663,1518.04,25.0,37951
1664,1519.76,25.0,37994
1665,1519.8,25.0,37995
1666,1520.68,25.0,38017
1667,1521.56,25.0,38039
1668,1522.48,25.0,38062
1669,1522.52,25.0,38063
1670,1524.52,25.0,38113
1671,1526.56,25.0,38164
1672,1528.6,25.0,38215
1673,1528.64,25.0,38216
1674,1529.92,25.0,38248
1675,1531.2,25.0,38280
1676,1532.48,25.0,38312
1677,1532.52,25.0,38313
1678,1533.4,25.0,38335
1679,1534.32,25.0,38358
1680,1535.24,25.0,38381
1681,1535.28,25.0,38382
1682,1536.32,25.0,38408
1683,1537.36,25.0,38434
1684,1538.44,25.0,38461
1685,1538.48,25.0,38462
1686,1539.28,25.0,38482
1687,1540.08,25.0,38502
1688,1540.92,25.0,38523
1689,1540.96,25.0,38524
1690,1541.68,25.0,38542
1691,1542.4,25.0,38560
1692,1543.12,25.0,38578
1693,1543.16,25.0,38579
1694,1544.76,25.0,38619
1695,1546.4,25.0,38660
1696,1548.04,25.0,38701
1697,1548.08,25.0,38702
1698,1548.8,25.0,38720
1699,1549.56,25.0,38739
1700,1550.32,25.0,38758
1701,1550.36,25.0,38759
1702,1551.84,25.0,38796
1703,1553.32,25.0,38833
1704,1554.84,25.0,38871
1705,1554.88,25.0,38872
1706,1555.72,25.0,38893
1707,1556.6,25.0,38915
1708,1557.48,25.0,38937
1709,1557.52,25.0,38938
1710,1558.76,25.0,38969
1711,1560.0,25.0,39000
1712,1561.24,25.0,39031
1713,1561.28,25.0,39032
1714,1561.96,25.0,39049
1715,1562.68,25.0,39067
1716,1563.4,25.0,39085
1717,1563.44,25.0,39086
1718,1563.8,25.0,39095
1719,1564.16,25.0,39104
1720,1564.52,25.0,39113
1721,1564.56,25.0,39114
1722,1571.08,25.0,39277
1723,1577.6,25.0,39440
1724,1584.12,25.0,39603
1725,1584.2,25.0,39605
1726,1585.64,25.0,39641
1727,1587.08,25.0,39677
1728,1588.52,25.0,39713
